{
    "name": "Baco's",
    "symbol": "BACO",
    "type": "coin",
    "decimals": 18,
    "description": "BACO is a utility token designed for smart trading systems and on-chain automation.",
    "website": "https://x.com/haznadaroglu_IV",
    "explorer": "https://bscscan.com/token/0xb48fa24f26764c3e18aff4da421f343e5e8ddf5d",
    "status": "active",
    "id": "0xb48fa24f26764c3e18aff4da421f343e5e8ddf5d",
    "links": {
        "twitter": "https://x.com/haznadaroglu_IV"
    },
    "tags": [
        "defi"
    ]
}